<?xml version="1.0" encoding="utf-8"?>
<CompatReport xmlns="http://www.microsoft.com/ApplicationExperience/UpgradeAdvisor/01012009" MigXmlFile="zYbtpBCr60S4Em+K.2.4.1.2.65.3.6.0.0_APPRAISER_Migration.xml"><System X64Capable="True" X64Running="True"/><Hardware><HardwareItem HardwareType="Setup_BitlockerNoTargetSupport"><CompatibilityInfo BlockingType="None"/></HardwareItem><HardwareItem HardwareType="Setup_TargetIsNonStagedBuild"><CompatibilityInfo BlockingType="None"/></HardwareItem><HardwareItem HardwareType="Setup_LanguagePackDetected"><CompatibilityInfo BlockingType="None"/></HardwareItem><HardwareItem HardwareType="Setup_LicenseActivation"><CompatibilityInfo BlockingType="None"/></HardwareItem><HardwareItem HardwareType="Setup_PendingFirmwareUpdateWithPower"><CompatibilityInfo BlockingType="None"/></HardwareItem><HardwareItem HardwareType="Setup_FlightSigningEnabled"><CompatibilityInfo BlockingType="None"/></HardwareItem><HardwareItem HardwareType="Setup_SecureBoot"><CompatibilityInfo BlockingType="None"/></HardwareItem></Hardware><SystemInfo UplevelEdition="Windows 10" OSMajorVersion="10" OSMinorVersion="0"/>
	<Devices/>
	<DriverPackages>
		<DriverPackage Inf="oem27.inf" BlockMigration="False" HasSignedBinaries="True"/>
		<DriverPackage Inf="oem7.inf" BlockMigration="False" HasSignedBinaries="True"/>
		<DriverPackage Inf="oem26.inf" BlockMigration="False" HasSignedBinaries="True"/>
		<DriverPackage Inf="oem28.inf" BlockMigration="False" HasSignedBinaries="True"/>
		<DriverPackage Inf="oem20.inf" BlockMigration="False" HasSignedBinaries="True"/>
		<DriverPackage Inf="oem9.inf" BlockMigration="False" HasSignedBinaries="True"/>
		<DriverPackage Inf="oem5.inf" BlockMigration="False" HasSignedBinaries="True"/>
		<DriverPackage Inf="oem29.inf" BlockMigration="False" HasSignedBinaries="True"/>
		<DriverPackage Inf="oem1.inf" BlockMigration="False" HasSignedBinaries="True"/>
		<DriverPackage Inf="oem30.inf" BlockMigration="False" HasSignedBinaries="True"/>
		<DriverPackage Inf="oem34.inf" BlockMigration="False" HasSignedBinaries="True"/>
		<DriverPackage Inf="oem35.inf" BlockMigration="False" HasSignedBinaries="True"/>
		<DriverPackage Inf="oem37.inf" BlockMigration="False" HasSignedBinaries="True"/>
		<DriverPackage Inf="oem33.inf" BlockMigration="True" HasSignedBinaries="False"/>
		<DriverPackage Inf="oem32.inf" BlockMigration="True" HasSignedBinaries="False"/>
		<DriverPackage Inf="oem21.inf" BlockMigration="False" HasSignedBinaries="True"/>
		<DriverPackage Inf="oem18.inf" BlockMigration="False" HasSignedBinaries="True"/>
		<DriverPackage Inf="oem15.inf" BlockMigration="False" HasSignedBinaries="True"/>
		<DriverPackage Inf="oem25.inf" BlockMigration="False" HasSignedBinaries="True"/>
	</DriverPackages><Programs/></CompatReport>
