<?xml version="1.0" encoding="utf-8"?>
<CompatReport xmlns="http://www.microsoft.com/ApplicationExperience/UpgradeAdvisor/01012009"><System X64Capable="True" X64Running="True"/><Hardware><HardwareItem HardwareType="Setup_BitlockerNoTargetSupport"><CompatibilityInfo BlockingType="None"/></HardwareItem><HardwareItem HardwareType="Setup_TargetIsNonStagedBuild"><CompatibilityInfo BlockingType="None"/></HardwareItem><HardwareItem HardwareType="Setup_LanguagePackDetected"><CompatibilityInfo BlockingType="None"/></HardwareItem><HardwareItem HardwareType="Setup_LicenseActivation"><CompatibilityInfo BlockingType="None"/></HardwareItem><HardwareItem HardwareType="Setup_PendingFirmwareUpdateWithPower"><CompatibilityInfo BlockingType="None"/></HardwareItem><HardwareItem HardwareType="Setup_FlightSigningEnabled"><CompatibilityInfo BlockingType="None"/></HardwareItem><HardwareItem HardwareType="Setup_SecureBoot"><CompatibilityInfo BlockingType="None"/></HardwareItem></Hardware></CompatReport>
